Aguirre,Aaron
Ahmadi,Juan
Akwabi-Ameyaw,Nathan
Alves,Sean
Amaya,Nazar
Armstrong,Roy
Atienza,Jeffrey
Bakhtar,Alan
Ballelos,Ernie
Balog,Ryan
Barahona,Sze-Kin
Benedicto,Arthur
Bleier,Wei-Chi
Brizinov,Lenora
Bronola,Eric
Carlile,Alison
Chan,Eric
Chan,Yong
Chan,Michelle
Chan,Pele
Chen,Christopher
Chen,Sepehr
Cheung,Mugunthan
Chien,Joanne
Chin,Jerry
Chinn,Raj
Choi,Ankush
Trung,Duy
Chu,Russell
Chua,Khanh
Dadsetan,Sanjeev
Damodharan,Brian
Dao,Omar
DeGroot,Jason
Derivera,Michael
Dham,Andrew
Dinh,Sylvia
D'Sa,Kevin
Duong,Elan
Durral,Daniel
Egger,Chad
El-Sissi,Brian
Eng,Hwai-En
Escalante,Minh
Fong,Tung
Fong,Clare
Gawthorpe,Catherine
Guerin,Justin
Helmhold,Erich
Hirashima,Charlie
Ho,Jane
Hing,Henry
Ho,Vincent
Ho,Jennifer
Homan,Ryan
Li,Man
Howell,Zheng
Hsu,Derek
Huynh,Jeffrey
Hwang,Ian
Hy,Albert
Inocencio,Carlton
Ip,Mikhail
Iwahashi,Tony
Jiang,Fat
Jin,Marcus
Ju,Richard
Kalvass,Sapna
Karlin,Sylvia
Kolbe,Hok-Hei
Kong,Alexander
Kuffel,Frank
Kwong,Raymond
Lam,Zacharias
Lam,Joanne
Lam,Stephanie
Lathia,Wilson
Lau,Evelyn
Law,Edward
Lee,Joanna
Lee,Jaemin
Lee,Mandeep
Lee,Zahra
Liu,Anthony
Liu,Charles
Liu,Brandon
Lock,Carlos
Loden,Hai
Lan,Bich
Ma,Jane
Mann,Ken
Mansouri,Chukwuemeka
McDonald,Brian
McLaughlin,Alejandro
Mills,Zhaohui
Montes,Adam
Ngo,Tae-Yoon
Nguyen,Maulin
Nguyen,Travis
Nguyen,Rona
Ofoha,Ryan
O'Neill,Kailesh
Orozco,Bryan
Pan,James
Parcher,Christopher
Park,Michael
Patel,Bryce
Perry,Ravi
Pilar,Sharanjit
Quigley,Michael
Ramaiya,Hsiu-Chu
Richter,Christopher
Riordan,Arjun
Rood,Shuka
Sears,Joselita
Sein,Kenny
Shah,David
Sharna,Country
Shelley,Jason
Shih,Tri
Shimmin,Bong
Singh,Dean
Smith,Itsuki
Tablante,David
To,Kaveh
Tourjee,Vinesh
Tran,Dernie
Tran,Rex
Tran,Warren
Truong,Kevin
Truong,Christopher
Uchida,Stephanie
Uthus,Nicholas
Vaghefi,Johnny
Viswanathan,Long
Wang,Zhen
Wang,Jordan
Wang,Kenneth
Widjaja,Yuxian
Wong,Gordon
Wong,Chung-Li
Wright,Alexander
Xiong,Kevin
Xiong,Victor
Xu,Vivien
Yamasaki,Mary
Yan,Hao
Ye,Eric
Yip,Arian
Yu,Jennifer
Yuan,Edward
Anthony,Dan
Zapanta,Ara
Zhang,Matthew
Zhou,Robert
Zhuang,Anuj
Abad,Satnam
Abed-Amoli,Sukhbir
Ahn,Aaron
Alabanza,Alison
Alcantara,Bryan
Aroyan,Eddie
Becker,Pao-Hsiang
Begusch,Melvin
Bhatia,Daniel
Brar,Andrew
Brar,Chris
Brown,Eric
Brown,Jason
Burnley,Jason
Chan,Derek
Chang,Angela
Chau,Brandon
Chaves,William
Chen,Philip
Chen,Warren
Chen,Loretta
Cheung,Michael
Chin,Arjan
Chinn,Hoang
Chiong,Tri
Chock,Ryan
Chu,Jason
Chuang,Aren
Chuei,Howard
Chui,Dorothy
Clark,Sivapalan
Dehar,Devin
Do,Dexter
Doan,Joshua
Dobbs,Alex
Eash,Jun
Ewing,Yong
Fong,John
Fung,Chen
Gajan,Homan
Gallagher,Gregory
Genitiano,David
Go,Lorene
Graham,Peter
Guan,Larry
Guan,Peter
Gunel,Victor
Han,Libiao
Hashemzadeh,Victor
Heinz,Lawrence
Hernandez,Marie
Hicks,Nicholas
Ho,Smita
Holbrook,Andrew
Hong,Hao
Hong,Gloria
Huang,Artem
Jung,Hyung
Hung,Thaya
Huynh,Archie
Huynh,Zane
Jandaur,Edward
Jiang,Sherman
Jiang,Stanley
Kee,Albert
Kholodenko,Christopher
Kim,Elvin
Klinkhajorn,James
Kwong,Travis
Lackey,Sean
Lam,Gary
Lau,Bosco
Law,Christine
Lee,Ni
Lee,Dannie
Lee,Henry
Lee,James
Lee,Gabriel
Leonard,Bigi
Leung,Dinh-Tuong
Li,Heng
Li,Peter
Li,Alan
Liang,William
Liu,Alexander
Liu,Joshua
Lozano,Way
Lui,Tzvetan
Luong,Eric
Luong,Michael
Luong,Michael
Mak,Daniel
Manegold,Abdullah
Manetas,Abdullah
Martin,Rochak
Maung,Men-Jyn
Metodiev,Binh
Minassian,David
Molano,Laurent
Moon,Quang-Huy
Morgan,Tri
Mourad,Nikolai
Nakodary,Michael
Neupane,Christian
Ng,Diana
Nguyen,Constantino
Nguyen,Ravishankar
Nguyen,Jesse
Nguyen,Michael
Nguyen,Ryan
Novikov,Artem
Ogawa,Kevin
Okoye,Andrew
Ou,Brad
Prado,Harnit
Rao,David
Reeve,Bradley
Ricacho,Alexander
Ross,Shreerang
Russakovskii,Daniel
Sarnlertsophon,Colleen
Sattler,Steven
Sickler,Channy
Singh,Huy
Smith,Chia-Wei
Steiner,Gail
Stupakov,Jason
Sudame,Jimmy
Sullivan,Stanley
Tam,Arthur
Tong,Cary
Toum,Eric
Tran,Danny
Ho,Chi
Vasquez,Daniel
Wan,Amir
Wei,Kwasi
Wong,David
Woo,Sven
Woods,Ryan
Wu,Walter
Yip,Navid
Yiu,Eric
